[{"pk": 1, "model": "data_connections.datacatalog", "fields": {"manager": null, "managing_organization": 8, "name": "2010 US Census"}}, {"pk": 1, "model": "data_connections.license", "fields": {"url": "http://opendatacommons.org/licenses/pddl/", "name": "Public Domain Dedication and License (PDDL)"}}, {"pk": 2, "model": "data_connections.license", "fields": {"url": "http://opendatacommons.org/licenses/by/", "name": "Open Data Commons Attribution License (ODC-By)"}}, {"pk": 3, "model": "data_connections.license", "fields": {"url": "http://opendatacommons.org/licenses/odbl/", "name": "Open Data Commons Open Database License (ODC-ODbL)"}}, {"pk": 4, "model": "data_connections.license", "fields": {"url": "http://wiki.creativecommons.org/CC0", "name": "CC0"}}, {"pk": 5, "model": "data_connections.license", "fields": {"url": "http://en.wikipedia.org/wiki/Public_domain", "name": "public domain"}}, {"pk": 6, "model": "data_connections.license", "fields": {"url": "http://www.gnu.org/licenses/gpl.html", "name": "GNU General Public License (GPL)"}}, {"pk": 7, "model": "data_connections.license", "fields": {"url": "http://opensource.org/licenses/MIT", "name": "MIT"}}, {"pk": 8, "model": "data_connections.license", "fields": {"url": "http://opensource.org/licenses/Apache-2.0", "name": "Apache 2.0"}}, {"pk": 9, "model": "data_connections.license", "fields": {"url": "http://opensource.org/licenses/BSD-3-Clause", "name": "BSD 3-Clause License"}}, {"pk": 10, "model": "data_connections.license", "fields": {"url": "http://opensource.org/licenses/BSD-2-Clause", "name": "BSD 2-Clause License"}}, {"pk": 11, "model": "data_connections.license", "fields": {"url": "http://opensource.org/licenses/LGPL-3.0", "name": "GNU Lesser Public License v3.0"}}, {"pk": 12, "model": "data_connections.license", "fields": {"url": "http://opensource.org/licenses/MPL-2.0", "name": "Mozilla Public License v2.0"}}, {"pk": 13, "model": "data_connections.license", "fields": {"url": "http://opensource.org/licenses/CDDL-1.0", "name": "Common Development and Distribution License 1.0"}}, {"pk": 14, "model": "data_connections.license", "fields": {"url": "http://opensource.org/licenses/EPL-1.0", "name": "Eclipse Public License"}}, {"pk": 15, "model": "data_connections.license", "fields": {"url": "", "name": "Unknown"}}, {"pk": 16, "model": "data_connections.license", "fields": {"url": "http://en.wikipedia.org/wiki/Copyright", "name": "Copyright"}}, {"pk": 17, "model": "data_connections.license", "fields": {"url": "http://en.wikipedia.org/wiki/Open_data#Closed_data", "name": "Closed"}}, {"pk": 1, "model": "data_connections.format", "fields": {"url": "http://en.wikipedia.org/wiki/JSON", "name": "JSON"}}, {"pk": 2, "model": "data_connections.format", "fields": {"url": "http://www.geojson.org/", "name": "GeoJSON"}}, {"pk": 3, "model": "data_connections.format", "fields": {"url": "https://github.com/mbostock/topojson/wiki", "name": "TopoJSON"}}, {"pk": 4, "model": "data_connections.format", "fields": {"url": "http://en.wikipedia.org/wiki/XML", "name": "XML"}}, {"pk": 5, "model": "data_connections.format", "fields": {"url": "http://en.wikipedia.org/wiki/Microsoft_Excel", "name": "xls"}}, {"pk": 6, "model": "data_connections.format", "fields": {"url": "http://en.wikipedia.org/wiki/Microsoft_Excel", "name": "xlsx"}}, {"pk": 7, "model": "data_connections.format", "fields": {"url": "http://en.wikipedia.org/wiki/Comma-separated_values", "name": "CSV"}}, {"pk": 8, "model": "data_connections.format", "fields": {"url": "http://en.wikipedia.org/wiki/Tab-separated_values", "name": "TSV"}}, {"pk": 9, "model": "data_connections.format", "fields": {"url": "http://en.wikipedia.org/wiki/Portable_Document_Format", "name": "PDF"}}, {"pk": 10, "model": "data_connections.format", "fields": {"url": "https://en.wikipedia.org/wiki/Shapefile", "name": "Shapefile"}}, {"pk": 11, "model": "data_connections.format", "fields": {"url": "http://www.esri.com/software/arcgis/geodatabase", "name": "Geodatabase"}}, {"pk": 12, "model": "data_connections.format", "fields": {"url": "http://www.mongodb.org/", "name": "mongoDB"}}, {"pk": 13, "model": "data_connections.format", "fields": {"url": "http://www.sqlite.org/", "name": "SQLite"}}, {"pk": 14, "model": "data_connections.format", "fields": {"url": "http://www.mysql.com/", "name": "mySQL"}}, {"pk": 15, "model": "data_connections.format", "fields": {"url": "http://www.postgresql.org/", "name": "PostgreSQL"}}, {"pk": 16, "model": "data_connections.format", "fields": {"url": "http://root.cern.ch/drupal/", "name": "ROOT"}}, {"pk": 17, "model": "data_connections.format", "fields": {"url": "http://en.wikipedia.org/wiki/FITS", "name": "Fits"}}, {"pk": 18, "model": "data_connections.format", "fields": {"url": "http://www.mapbox.com/", "name": "Mapbox Map"}}, {"pk": 19, "model": "data_connections.format", "fields": {"url": "http://en.wikipedia.org/wiki/Web_application", "name": "Application"}}, {"pk": 35, "model": "data_connections.dataset", "fields": {"description": "", "license": 7, "date_last_edited": "2013-07-27T01:31:13Z", "url": "http://example.com/", "data_format": 1, "date_published": "2013-07-27T01:31:11Z", "manager": null, "managing_organization": null, "data_catalog": null, "name": "Test dataset"}}, {"pk": 36, "model": "data_connections.dataset", "fields": {"description": "2010 electricity consumption in kWh and GJ, by ZIP code, building type, and utility company.", "license": 2, "date_last_edited": "2013-06-21T00:00:00Z", "url": "https://data.cityofnewyork.us/Environment/Electric-Consumption-by-ZIP-Code-2010/74cu-ncm4", "data_format": 7, "date_published": "2011-09-28T00:00:00Z", "manager": null, "managing_organization": 1, "data_catalog": null, "name": "Electric Consumption by ZIP Code - 2010"}}, {"pk": 37, "model": "data_connections.dataset", "fields": {"description": "Energy data from a select portfolio of City-owned buildings (DCAS)", "license": 2, "date_last_edited": "2013-06-26T00:00:00Z", "url": "https://data.cityofnewyork.us/Environment/Energy-Usage-From-DCAS-Buildings/pwva-zn2w", "data_format": 7, "date_published": "2012-09-06T00:00:00Z", "manager": 1, "managing_organization": 2, "data_catalog": null, "name": "Energy Usage From DCAS Buildings"}}, {"pk": 38, "model": "data_connections.dataset", "fields": {"description": "Energy data from a select portfolio of City-owned buildings (Department of Education)", "license": 2, "date_last_edited": "2013-06-26T00:00:00Z", "url": "https://data.cityofnewyork.us/Environment/Energy-Usage-From-DOE-Buildings/mq6n-s45c", "data_format": 7, "date_published": "2012-09-06T00:00:00Z", "manager": 1, "managing_organization": 3, "data_catalog": null, "name": "Energy Usage From DOE Buildings"}}, {"pk": 39, "model": "data_connections.dataset", "fields": {"description": "The City\u2019s Long-Term Sustainability Plan, PlaNYC, calls for City government to reduce greenhouse gas emissions produced by municipal operations 30% by 2017. A large part of this effort is retrofitting municipal buildings to become more energy efficient. This dataset lists energy efficiency projects at City buildings that are complete or in progress. Projects are listed by address, building name, and agency, and the dataset includes the estimated reduction in tons of GHG emissions associated with the project.", "license": 2, "date_last_edited": "2013-06-21T00:00:00Z", "url": "https://data.cityofnewyork.us/Environment/Energy-Efficiency-Projects/h3qk-ybvt", "data_format": 7, "date_published": "2012-02-14T00:00:00Z", "manager": 1, "managing_organization": 2, "data_catalog": null, "name": "Energy Efficiency Projects"}}, {"pk": 40, "model": "data_connections.dataset", "fields": {"description": "This is an Excel file with a list of New York City municipal buildings over 10,000 square feet by borough, block, lot, and agency, identifying each building\u2019s energy intensity (kBtu/sq. ft.), Portfolio Manager benchmarking rating, where available, and the total GHG emissions for the calendar years 2010 & 2011.", "license": 2, "date_last_edited": "2013-06-21T00:00:00Z", "url": "https://nycopendata.socrata.com/City-Government/2010-2011-NYC-Municipal-Building-Energy-Benchmarki/vvj6-d5qx", "data_format": 7, "date_published": "2012-02-14T00:00:00Z", "manager": 1, "managing_organization": 2, "data_catalog": null, "name": "2010 & 2011 NYC Municipal Building Energy Benchmarking Results"}}, {"pk": 41, "model": "data_connections.dataset", "fields": {"description": "2010 steam consumption in mlbs and Mg, by ZIP code and building type.", "license": 2, "date_last_edited": "2011-09-28T00:00:00Z", "url": "https://data.cityofnewyork.us/Environment/Steam-Consumption-by-ZIP-Code-2010/2pmt-skyq", "data_format": 7, "date_published": "2011-09-28T00:00:00Z", "manager": 2, "managing_organization": 1, "data_catalog": null, "name": "Steam Consumption by ZIP Code - 2010"}}, {"pk": 42, "model": "data_connections.dataset", "fields": {"description": "Detailed data on NYC buildings with oil boilers, including fuel consumption, BBL, building owner/management info, deadline for complying with Audit and Retrocommissioning Law, building type and year constructed, number of floors and residential units, Condo/Coop status, and more.", "license": 2, "date_last_edited": "2013-06-21T00:00:00Z", "url": "https://data.cityofnewyork.us/Housing-Development/Oil-Boilers-Detailed-Fuel-Consumption-and-Building/jfzu-yy6n", "data_format": 1, "date_published": "2011-09-29T00:00:00Z", "manager": 3, "managing_organization": 1, "data_catalog": null, "name": "Oil Boilers - Detailed Fuel Consumption and Building Data"}}, {"pk": 43, "model": "data_connections.dataset", "fields": {"description": "2010 Natural Gas consumption in therms and GJ, by ZIP code, building type, and utility company.", "license": 2, "date_last_edited": "2011-09-28T00:00:00Z", "url": "https://data.cityofnewyork.us/Environment/Natural-Gas-Consumption-by-ZIP-Code-2010/uedp-fegm", "data_format": 7, "date_published": "2011-09-28T00:00:00Z", "manager": 2, "managing_organization": 1, "data_catalog": null, "name": "Natural Gas Consumption by ZIP Code - 2010"}}, {"pk": 44, "model": "data_connections.dataset", "fields": {"description": "Locations of buildings participating in the Cool Roofs initiative. NYC Cool Roofs buildings have a reflective surface applied to their rooftop, helping to reduce cooling costs, cut energy usage and lower greenhouse gas emissions.", "license": 2, "date_last_edited": "2013-06-21T00:00:00Z", "url": "https://data.cityofnewyork.us/Environment/NYC-Cool-Roofs-Buildings/uuxn-wzxe", "data_format": 7, "date_published": "2012-06-26T00:00:00Z", "manager": 1, "managing_organization": 4, "data_catalog": null, "name": "NYC Cool Roofs Buildings"}}, {"pk": 45, "model": "data_connections.dataset", "fields": {"description": "Oil usage statistics for a select portfolio of City-owned buildings", "license": 2, "date_last_edited": "2013-06-21T00:00:00Z", "url": "https://data.cityofnewyork.us/Environment/Oil-Usage-Select-City-Owned-Buildings-/whux-iuiu", "data_format": 7, "date_published": "2012-06-26T00:00:00Z", "manager": 1, "managing_organization": 2, "data_catalog": null, "name": "Oil Usage (Select City Owned Buildings)"}}, {"pk": 46, "model": "data_connections.dataset", "fields": {"description": "The sustainability indicators are used by the Mayor's Office of Long-Term Planning and Sustainability to track the progress of the PlaNYC program.", "license": 2, "date_last_edited": "2013-06-21T00:00:00Z", "url": "https://data.cityofnewyork.us/Environment/Sustainability-Indicators-2012-/6r4h-c2y6", "data_format": 7, "date_published": "2012-06-29T00:00:00Z", "manager": 3, "managing_organization": 1, "data_catalog": null, "name": "Sustainability Indicators (2012)"}}, {"pk": 47, "model": "data_connections.dataset", "fields": {"description": "Interactive map of electricity use at the tax lot level in NYC", "license": 15, "date_last_edited": "2013-06-21T00:00:00Z", "url": "http://a.tiles.mapbox.com/v3/modilabs.map-6v5hnfw2/mm.html#13/40.7400/-73.9180", "data_format": 19, "date_published": "2012-06-29T00:00:00Z", "manager": 4, "managing_organization": 5, "data_catalog": null, "name": "NYC Energy Map"}}, {"pk": 48, "model": "data_connections.dataset", "fields": {"description": "Collated electricity data for NYC, normalised and combined with median income and demographics", "license": 15, "date_last_edited": "2013-06-29T00:00:00Z", "url": "https://github.com/jonroberts/zipcodegrid/tree/master/data", "data_format": 8, "date_published": "2013-05-29T00:00:00Z", "manager": 6, "managing_organization": null, "data_catalog": null, "name": "Energy Zip - processed data"}}, {"pk": 49, "model": "data_connections.dataset", "fields": {"description": "Collated electricity data for NYC, normalised and combined with median income and demographics, keyed to the GeoJSON of NYC's zipcodes.", "license": 15, "date_last_edited": "2013-05-29T00:00:00Z", "url": "https://github.com/jonroberts/zipcodegrid/blob/master/static/data/ZipCodeElecPop.js", "data_format": 1, "date_published": "2013-05-29T00:00:00Z", "manager": 6, "managing_organization": null, "data_catalog": null, "name": "Energy Zip - JSONed data for app"}}, {"pk": 50, "model": "data_connections.dataset", "fields": {"description": "GeoJSON of the New York City zipcode areas.", "license": 3, "date_last_edited": "2013-04-10T00:00:00Z", "url": "http://nycdata.pediacities.com/dataset/nyc-zip-code-tabulation-areas/resource/2afec1b8-a23e-4d9f-b0b5-d212b1dad11c", "data_format": 2, "date_published": "2013-04-10T00:00:00Z", "manager": 7, "managing_organization": 6, "data_catalog": null, "name": "NYC Zipcode Tabulation Areas"}}, {"pk": 51, "model": "data_connections.dataset", "fields": {"description": "Shapefile of NYC zip code tabulation areas as provided by the Department of City Planning (DCP).", "license": 3, "date_last_edited": "2013-04-09T00:00:00Z", "url": "http://nycdata.pediacities.com/dataset/nyc-zip-code-tabulation-areas/resource/d9cb29e8-6858-4ea0-a4b0-181716a3a005", "data_format": 10, "date_published": "2013-04-09T00:00:00Z", "manager": 7, "managing_organization": 7, "data_catalog": null, "name": "NYC Zipcode Tabulation Areas"}}, {"pk": 52, "model": "data_connections.dataset", "fields": {"description": "MEDIAN VALUE (DOLLARS), Universe: Owner-occupied housing units, 2007-2011 American Community Survey 5-Year Estimates, limited to NYC zipcodes", "license": 3, "date_last_edited": "2010-12-30T00:00:00Z", "url": "http://factfinder2.census.gov/bkmk/table/1.0/en/ACS/11_5YR/B25077/0400000US36.86000P", "data_format": 7, "date_published": "2010-12-30T00:00:00Z", "manager": null, "managing_organization": 8, "data_catalog": 1, "name": "Median Value of Owner Occupied Housing Units, NYC"}}, {"pk": 53, "model": "data_connections.dataset", "fields": {"description": "Census data on Households in each NYC zipcode from 2010", "license": 3, "date_last_edited": "2010-12-30T00:00:00Z", "url": "http://factfinder2.census.gov/bkmk/table/1.0/en/DEC/10_SF1/QTP11/0400000US36.86000P", "data_format": 7, "date_published": "2010-12-30T00:00:00Z", "manager": null, "managing_organization": 8, "data_catalog": 1, "name": "Households and Families: 2010 Census Summary File 1, NYC"}}, {"pk": 54, "model": "data_connections.dataset", "fields": {"description": "MEDIAN INCOME IN THE PAST 12 MONTHS (IN 2011 INFLATION-ADJUSTED DOLLARS) 2007-2011 American Community Survey 5-Year Estimates, limited to NYC zipcodes", "license": 3, "date_last_edited": "2011-12-30T00:00:00Z", "url": "http://factfinder2.census.gov/bkmk/table/1.0/en/ACS/11_5YR/S1903/0400000US36.86000P", "data_format": 7, "date_published": "2011-12-30T00:00:00Z", "manager": null, "managing_organization": 8, "data_catalog": 1, "name": "Median Income In The Past 12 Months, NYC"}}, {"pk": 69, "model": "data_connections.dataset", "fields": {"description": "MapPLUTO merges PLUTO tax lot data with tax lot features from the Department of Finance\u2019s Digital Tax Map (DTM), clipped to the shoreline. It contains extensive land use and geographic data at the tax lot level in ESRI ArcGIS shape format and dbase table format. ", "license": 3, "date_last_edited": "2013-05-30T00:00:00Z", "url": "http://www.nyc.gov/html/dcp/html/bytes/dwn_pluto_mappluto.shtml#mappluto", "data_format": 10, "date_published": "2013-05-30T00:00:00Z", "manager": null, "managing_organization": 7, "data_catalog": null, "name": "MapPluto"}}, {"pk": 70, "model": "data_connections.dataset", "fields": {"description": "Extensive land use and geographic data at the tax lot level in comma\u2013separated values (CSV) file format. The PLUTO files contain more than seventy fields derived from data maintained by city agencies.", "license": 3, "date_last_edited": "2013-05-30T00:00:00Z", "url": "http://www.nyc.gov/html/dcp/html/bytes/dwn_pluto_mappluto.shtml", "data_format": 7, "date_published": "2013-05-30T00:00:00Z", "manager": null, "managing_organization": 7, "data_catalog": null, "name": "Pluto"}}, {"pk": 71, "model": "data_connections.dataset", "fields": {"description": "GeoJSON API of the Brooklyn MapPluto Data", "license": 15, "date_last_edited": "2013-08-18T00:00:00Z", "url": "https://exversion.com/data/view/1MUAU074Q11PSXR/mappluto-brooklyn", "data_format": 2, "date_published": "2013-08-18T00:00:00Z", "manager": 10, "managing_organization": 9, "data_catalog": null, "name": "Brooklyn MapPluto"}}, {"pk": 72, "model": "data_connections.dataset", "fields": {"description": "GeoJSON API of the Bronx MapPluto Data", "license": 15, "date_last_edited": "2013-08-18T00:00:00Z", "url": "https://exversion.com/data/view/RNHWN3BQG2C2SXR/mappluto-bronx", "data_format": 2, "date_published": "2013-08-18T00:00:00Z", "manager": 10, "managing_organization": 9, "data_catalog": null, "name": "Bronx MapPluto"}}, {"pk": 73, "model": "data_connections.dataset", "fields": {"description": "GeoJSON API of the Queens MapPluto Data", "license": 15, "date_last_edited": "2013-08-18T00:00:00Z", "url": "https://exversion.com/data/view/E4MBCZGML9XFDNB/mappluto-queens", "data_format": 2, "date_published": "2013-08-18T00:00:00Z", "manager": 10, "managing_organization": 9, "data_catalog": null, "name": "Queens MapPluto"}}, {"pk": 74, "model": "data_connections.dataset", "fields": {"description": "GeoJSON API of the Manhattan MapPluto Data", "license": 15, "date_last_edited": "2013-08-18T00:00:00Z", "url": "https://exversion.com/data/view/0V9WG9L60RWOA0O/mappluto-manhattan", "data_format": 2, "date_published": "2013-08-18T00:00:00Z", "manager": 10, "managing_organization": 9, "data_catalog": null, "name": "Manhattan MapPluto"}}, {"pk": 75, "model": "data_connections.dataset", "fields": {"description": "GeoJSON API of the Staten Island MapPluto Data", "license": 15, "date_last_edited": "2013-08-18T00:00:00Z", "url": "https://exversion.com/data/view/MMN4B9YRI4SRUUI/mappluto-staten-island", "data_format": 2, "date_published": "2013-08-18T00:00:00Z", "manager": 10, "managing_organization": 9, "data_catalog": null, "name": "Staten Island MapPluto"}}, {"pk": 76, "model": "data_connections.dataset", "fields": {"description": "JSON API of the Brooklyn Pluto Data", "license": 15, "date_last_edited": "2013-08-18T00:00:00Z", "url": "https://exversion.com/data/view/MXSVARBTDFX9R6I/pluto-brooklyn", "data_format": 1, "date_published": "2013-08-18T00:00:00Z", "manager": 10, "managing_organization": 9, "data_catalog": null, "name": "Brooklyn Pluto"}}, {"pk": 77, "model": "data_connections.dataset", "fields": {"description": "JSON API of the Queens Pluto Data", "license": 15, "date_last_edited": "2013-08-18T00:00:00Z", "url": "https://exversion.com/data/view/XUICSRTKM8NW2S2/pluto-queens", "data_format": 1, "date_published": "2013-08-18T00:00:00Z", "manager": 10, "managing_organization": 9, "data_catalog": null, "name": "Queens Pluto"}}, {"pk": 78, "model": "data_connections.dataset", "fields": {"description": "JSON API of the Bronx Pluto Data", "license": 15, "date_last_edited": "2013-08-18T00:00:00Z", "url": "https://exversion.com/data/view/26KLFUQWI3HU2QH/pluto-bronx", "data_format": 1, "date_published": "2013-08-18T00:00:00Z", "manager": 10, "managing_organization": 9, "data_catalog": null, "name": "Bronx Pluto"}}, {"pk": 79, "model": "data_connections.dataset", "fields": {"description": "JSON API of the Manhattan Pluto Data", "license": 15, "date_last_edited": "2013-08-18T00:00:00Z", "url": "https://exversion.com/data/view/ZV0CGR4E2MQ8LBX/pluto-manhattan", "data_format": 1, "date_published": "2013-08-18T00:00:00Z", "manager": 10, "managing_organization": 9, "data_catalog": null, "name": "Manhattan Pluto"}}, {"pk": 80, "model": "data_connections.dataset", "fields": {"description": "JSON API of the Staten Island Pluto Data", "license": 15, "date_last_edited": "2013-08-18T00:00:00Z", "url": "https://exversion.com/data/view/B6R1B8G3VSW7IIR/pluto-staten-island", "data_format": 1, "date_published": "2013-08-18T00:00:00Z", "manager": 10, "managing_organization": 9, "data_catalog": null, "name": "Staten Island Pluto"}}, {"pk": 81, "model": "data_connections.dataset", "fields": {"description": "A visual tour of Pluto Data", "license": 5, "date_last_edited": "2013-08-21T05:00:00Z", "url": "http://andrewxhill.github.io/cartodb-examples/scroll-story/pluto/#0", "data_format": 19, "date_published": "2013-08-21T05:00:00Z", "manager": 11, "managing_organization": null, "data_catalog": null, "name": "Pluto Data Tour"}}, {"pk": 82, "model": "data_connections.dataset", "fields": {"description": "A map of New York created by the Graduate Center at the Center for Urban Research at CUNY", "license": 5, "date_last_edited": "2012-10-12T05:00:00Z", "url": "http://oasisnyc.net/map.aspx", "data_format": 19, "date_published": "2012-10-12T05:00:00Z", "manager": 12, "managing_organization": 10, "data_catalog": null, "name": "Oasis Map"}}, {"pk": 83, "model": "data_connections.dataset", "fields": {"description": "A lidar map of the 5 boroughs.", "license": 17, "date_last_edited": "2010-04-01T05:00:00Z", "url": "http://www.carsilab.org/INDEX/CURRENTAFFAIRS/lidar/Ahearn_ASPRS_2011_f.pdf", "data_format": 7, "date_published": "2010-04-01T05:00:00Z", "manager": null, "managing_organization": null, "data_catalog": null, "name": "Lidar Data, NYC"}}, {"pk": 84, "model": "data_connections.dataset", "fields": {"description": "A solar map of NYC created by CUNY", "license": 5, "date_last_edited": "2012-01-01T06:00:00Z", "url": "http://nycsolarmap.com/", "data_format": 19, "date_published": "2012-01-01T06:00:00Z", "manager": null, "managing_organization": null, "data_catalog": null, "name": "NYC Solar Map, CUNY"}}, {"pk": 85, "model": "data_connections.dataset", "fields": {"description": "Provides a printable summary of how near places of worship are to potential licensed addresses.", "license": 5, "date_last_edited": "2013-08-21T05:00:00Z", "url": "http://fkh.github.io/liquorinfo/", "data_format": 19, "date_published": "2013-08-21T05:00:00Z", "manager": 13, "managing_organization": null, "data_catalog": null, "name": "Liquor Info "}}, {"pk": 86, "model": "data_connections.dataset", "fields": {"description": "Investigation tool for NYC data", "license": 5, "date_last_edited": "2013-08-21T05:00:00Z", "url": "http://nyc.pediacities.com/", "data_format": 19, "date_published": "2013-08-21T05:00:00Z", "manager": 7, "managing_organization": 6, "data_catalog": null, "name": "NYCPedia"}}, {"pk": 1, "model": "data_connections.datarelation", "fields": {"processing_url": null, "source": 36, "how_data_was_processed": "Combined the zipcode data with tax lot information to create an interactive map of NYC energy use.", "derivative": 47}}, {"pk": 2, "model": "data_connections.datarelation", "fields": {"processing_url": null, "source": 48, "how_data_was_processed": "Used the script <a href='https://github.com/jonroberts/zipcodegrid/blob/master/TSV2JSON.py'>TSV2JSON.py</a> to connect the TSV data to a JSON keyed to the city's zipcodes.", "derivative": 49}}, {"pk": 3, "model": "data_connections.datarelation", "fields": {"processing_url": null, "source": 36, "how_data_was_processed": "Merged the 2010 electricity consumption with median income and other zipcode level data. Calculated means and rank in the city's zipcodes. Worked to figure out why some zipcodes have non-zero population, but zero electricity use.", "derivative": 48}}, {"pk": 4, "model": "data_connections.datarelation", "fields": {"processing_url": null, "source": 50, "how_data_was_processed": "", "derivative": 49}}, {"pk": 5, "model": "data_connections.datarelation", "fields": {"processing_url": null, "source": 51, "how_data_was_processed": "Converted from Shapefile to GeoJSON by Pediacities.", "derivative": 50}}, {"pk": 6, "model": "data_connections.datarelation", "fields": {"processing_url": null, "source": 52, "how_data_was_processed": "Downloaded, stripped back and collated into a TSV file with other relevant NYC Census data and the Electric Consumption data from NYC", "derivative": 48}}, {"pk": 7, "model": "data_connections.datarelation", "fields": {"processing_url": null, "source": 53, "how_data_was_processed": "Downloaded, stripped back and collated into a TSV file with other relevant NYC Census data and the Electric Consumption data from NYC", "derivative": 48}}, {"pk": 8, "model": "data_connections.datarelation", "fields": {"processing_url": null, "source": 54, "how_data_was_processed": "Downloaded, stripped back and collated into a TSV file with other relevant NYC Census data and the Electric Consumption data from NYC", "derivative": 48}}, {"pk": 10, "model": "data_connections.datarelation", "fields": {"processing_url": "", "source": 69, "how_data_was_processed": "Processed by Exversion", "derivative": 71}}, {"pk": 11, "model": "data_connections.datarelation", "fields": {"processing_url": "", "source": 69, "how_data_was_processed": "Processed by Exversion", "derivative": 72}}, {"pk": 12, "model": "data_connections.datarelation", "fields": {"processing_url": "", "source": 69, "how_data_was_processed": "Processed by Exversion", "derivative": 73}}, {"pk": 13, "model": "data_connections.datarelation", "fields": {"processing_url": "", "source": 69, "how_data_was_processed": "Processed by Exversion", "derivative": 74}}, {"pk": 14, "model": "data_connections.datarelation", "fields": {"processing_url": "", "source": 69, "how_data_was_processed": "Processed by Exversion", "derivative": 75}}, {"pk": 15, "model": "data_connections.datarelation", "fields": {"processing_url": "", "source": 70, "how_data_was_processed": "Processed by Exversion", "derivative": 76}}, {"pk": 16, "model": "data_connections.datarelation", "fields": {"processing_url": "", "source": 70, "how_data_was_processed": "Processed by Exversion", "derivative": 77}}, {"pk": 17, "model": "data_connections.datarelation", "fields": {"processing_url": "", "source": 70, "how_data_was_processed": "Processed by Exversion", "derivative": 78}}, {"pk": 18, "model": "data_connections.datarelation", "fields": {"processing_url": "", "source": 70, "how_data_was_processed": "Processed by Exversion", "derivative": 79}}, {"pk": 19, "model": "data_connections.datarelation", "fields": {"processing_url": "", "source": 70, "how_data_was_processed": "Processed by Exversion", "derivative": 80}}, {"pk": 20, "model": "data_connections.datarelation", "fields": {"processing_url": null, "source": 70, "how_data_was_processed": "Studied and visualized in CartoDB", "derivative": 81}}, {"pk": 21, "model": "data_connections.datarelation", "fields": {"processing_url": null, "source": 69, "how_data_was_processed": "CartoDB visualization of Pluto data", "derivative": 81}}, {"pk": 22, "model": "data_connections.datarelation", "fields": {"processing_url": null, "source": 70, "how_data_was_processed": "Mapped using ESRI tools", "derivative": 82}}, {"pk": 23, "model": "data_connections.datarelation", "fields": {"processing_url": null, "source": 69, "how_data_was_processed": "Used ESRI tools to map NYC", "derivative": 82}}, {"pk": 25, "model": "data_connections.datarelation", "fields": {"processing_url": null, "source": 69, "how_data_was_processed": "A plot of the city in solar potential", "derivative": 84}}, {"pk": 26, "model": "data_connections.datarelation", "fields": {"processing_url": null, "source": 83, "how_data_was_processed": "", "derivative": 84}}, {"pk": 27, "model": "data_connections.datarelation", "fields": {"processing_url": null, "source": 70, "how_data_was_processed": "", "derivative": 84}}, {"pk": 28, "model": "data_connections.datarelation", "fields": {"processing_url": null, "source": 69, "how_data_was_processed": "", "derivative": 47}}, {"pk": 29, "model": "data_connections.datarelation", "fields": {"processing_url": null, "source": 70, "how_data_was_processed": "Pulls in land use data.", "derivative": 85}}, {"pk": 30, "model": "data_connections.datarelation", "fields": {"processing_url": null, "source": 70, "how_data_was_processed": "Mapping NYC Pluto data on a building by building level.", "derivative": 86}}, {"pk": 31, "model": "data_connections.datarelation", "fields": {"processing_url": null, "source": 53, "how_data_was_processed": "", "derivative": 86}}, {"pk": 1, "model": "data_connections.scientist", "fields": {"lastname": "Webber", "collaborators": [], "profile_url": "https://data.cityofnewyork.us/profile/Albert-Webber/txun-eb7e", "firstname": "Albert", "user": null}}, {"pk": 2, "model": "data_connections.scientist", "fields": {"lastname": "J", "collaborators": [], "profile_url": "https://data.cityofnewyork.us/profile/Jorge-J-/rnig-m3uj", "firstname": "Jorge", "user": null}}, {"pk": 3, "model": "data_connections.scientist", "fields": {"lastname": "Open-Data", "collaborators": [12, 13], "profile_url": "https://data.cityofnewyork.us/profile/NYC-OpenData/5fuc-pqz2", "firstname": "NYC", "user": null}}, {"pk": 4, "model": "data_connections.scientist", "fields": {"lastname": "Modi", "collaborators": [], "profile_url": "http://www.earth.columbia.edu/articles/view/2770", "firstname": "Vijay", "user": null}}, {"pk": 5, "model": "data_connections.scientist", "fields": {"lastname": "Howard", "collaborators": [], "profile_url": "", "firstname": "Bianca", "user": null}}, {"pk": 6, "model": "data_connections.scientist", "fields": {"lastname": "Roberts", "collaborators": [], "profile_url": "https://github.com/jonroberts", "firstname": "Jonathan", "user": null}}, {"pk": 7, "model": "data_connections.scientist", "fields": {"lastname": "Storey", "collaborators": [], "profile_url": "http://nathanstorey.com/", "firstname": "Nathan", "user": null}}, {"pk": 10, "model": "data_connections.scientist", "fields": {"lastname": "", "collaborators": [], "profile_url": "https://exversion.com/user/1", "firstname": "Bellmar", "user": null}}, {"pk": 11, "model": "data_connections.scientist", "fields": {"lastname": "Hill", "collaborators": [], "profile_url": "", "firstname": "Andrew", "user": null}}, {"pk": 12, "model": "data_connections.scientist", "fields": {"lastname": "Romalewski", "collaborators": [3], "profile_url": "http://www.urbanresearch.org/about/people/steven-romalewski", "firstname": "Steve", "user": null}}, {"pk": 13, "model": "data_connections.scientist", "fields": {"lastname": "Hebbert", "collaborators": [3], "profile_url": "https://github.com/fkh", "firstname": "Frank", "user": null}}, {"pk": 1, "model": "data_connections.organization", "fields": {"url": "http://www.nyc.gov/html/planyc2030/html/about/who-we-are.shtml", "name": "Mayor's Office of Long-Term Planning and Sustainability, NYC"}}, {"pk": 2, "model": "data_connections.organization", "fields": {"url": "http://www.nyc.gov/html/dcas/html/home/home.shtml", "name": "Department of Citywide Administrative Services (DCAS), NYC"}}, {"pk": 3, "model": "data_connections.organization", "fields": {"url": "http://schools.nyc.gov/default.htm", "name": "Department of Education (DOE), NYC"}}, {"pk": 4, "model": "data_connections.organization", "fields": {"url": "http://www.nyc.gov/html/dob/html/home/home.shtml", "name": "Department of Buildings, NYC"}}, {"pk": 5, "model": "data_connections.organization", "fields": {"url": "http://modi.mech.columbia.edu/", "name": "Modi Research Group, Columbia University"}}, {"pk": 6, "model": "data_connections.organization", "fields": {"url": "http://nycdata.pediacities.com/", "name": "Pediacities"}}, {"pk": 7, "model": "data_connections.organization", "fields": {"url": "http://www.nyc.gov/html/dcp/", "name": "Department of City Planning (DCP), NYC"}}, {"pk": 8, "model": "data_connections.organization", "fields": {"url": "http://www.census.gov/", "name": "U.S. Census Bureau"}}, {"pk": 9, "model": "data_connections.organization", "fields": {"url": "https://exversion.com/", "name": "Exversion"}}, {"pk": 10, "model": "data_connections.organization", "fields": {"url": "http://www.urbanresearch.org/", "name": "Center for Urban Research, CUNY"}}, {"pk": 11, "model": "data_connections.organization", "fields": {"url": "http://cartodb.com/", "name": "CartoDB"}}, {"pk": 12, "model": "data_connections.organization", "fields": {"url": "http://openplans.org/", "name": "Open Plans"}}]