[{"pk": 1, "model": "data_connections.datacatalog", "fields": {"manager": null, "managing_organization": 8, "name": "2010 US Census"}}, {"pk": 1, "model": "data_connections.license", "fields": {"url": "http://opendatacommons.org/licenses/pddl/", "name": "Public Domain Dedication and License (PDDL)"}}, {"pk": 2, "model": "data_connections.license", "fields": {"url": "http://opendatacommons.org/licenses/by/", "name": "Open Data Commons Attribution License (ODC-By)"}}, {"pk": 3, "model": "data_connections.license", "fields": {"url": "http://opendatacommons.org/licenses/odbl/", "name": "Open Data Commons Open Database License (ODC-ODbL)"}}, {"pk": 4, "model": "data_connections.license", "fields": {"url": "http://wiki.creativecommons.org/CC0", "name": "CC0"}}, {"pk": 5, "model": "data_connections.license", "fields": {"url": "http://en.wikipedia.org/wiki/Public_domain", "name": "public domain"}}, {"pk": 6, "model": "data_connections.license", "fields": {"url": "http://www.gnu.org/licenses/gpl.html", "name": "GNU General Public License (GPL)"}}, {"pk": 7, "model": "data_connections.license", "fields": {"url": "http://opensource.org/licenses/MIT", "name": "MIT"}}, {"pk": 8, "model": "data_connections.license", "fields": {"url": "http://opensource.org/licenses/Apache-2.0", "name": "Apache 2.0"}}, {"pk": 9, "model": "data_connections.license", "fields": {"url": "http://opensource.org/licenses/BSD-3-Clause", "name": "BSD 3-Clause License"}}, {"pk": 10, "model": "data_connections.license", "fields": {"url": "http://opensource.org/licenses/BSD-2-Clause", "name": "BSD 2-Clause License"}}, {"pk": 11, "model": "data_connections.license", "fields": {"url": "http://opensource.org/licenses/LGPL-3.0", "name": "GNU Lesser Public License v3.0"}}, {"pk": 12, "model": "data_connections.license", "fields": {"url": "http://opensource.org/licenses/MPL-2.0", "name": "Mozilla Public License v2.0"}}, {"pk": 13, "model": "data_connections.license", "fields": {"url": "http://opensource.org/licenses/CDDL-1.0", "name": "Common Development and Distribution License 1.0"}}, {"pk": 14, "model": "data_connections.license", "fields": {"url": "http://opensource.org/licenses/EPL-1.0", "name": "Eclipse Public License"}}, {"pk": 15, "model": "data_connections.license", "fields": {"url": "", "name": "Unknown"}}, {"pk": 16, "model": "data_connections.license", "fields": {"url": "http://en.wikipedia.org/wiki/Copyright", "name": "Copyright"}}, {"pk": 17, "model": "data_connections.license", "fields": {"url": "http://en.wikipedia.org/wiki/Open_data#Closed_data", "name": "Closed"}}, {"pk": 1, "model": "data_connections.format", "fields": {"url": "http://en.wikipedia.org/wiki/JSON", "name": "JSON"}}, {"pk": 2, "model": "data_connections.format", "fields": {"url": "http://www.geojson.org/", "name": "GeoJSON"}}, {"pk": 3, "model": "data_connections.format", "fields": {"url": "https://github.com/mbostock/topojson/wiki", "name": "TopoJSON"}}, {"pk": 4, "model": "data_connections.format", "fields": {"url": "http://en.wikipedia.org/wiki/XML", "name": "XML"}}, {"pk": 5, "model": "data_connections.format", "fields": {"url": "http://en.wikipedia.org/wiki/Microsoft_Excel", "name": "xls"}}, {"pk": 6, "model": "data_connections.format", "fields": {"url": "http://en.wikipedia.org/wiki/Microsoft_Excel", "name": "xlsx"}}, {"pk": 7, "model": "data_connections.format", "fields": {"url": "http://en.wikipedia.org/wiki/Comma-separated_values", "name": "CSV"}}, {"pk": 8, "model": "data_connections.format", "fields": {"url": "http://en.wikipedia.org/wiki/Tab-separated_values", "name": "TSV"}}, {"pk": 9, "model": "data_connections.format", "fields": {"url": "http://en.wikipedia.org/wiki/Portable_Document_Format", "name": "PDF"}}, {"pk": 10, "model": "data_connections.format", "fields": {"url": "https://en.wikipedia.org/wiki/Shapefile", "name": "Shapefile"}}, {"pk": 11, "model": "data_connections.format", "fields": {"url": "http://www.esri.com/software/arcgis/geodatabase", "name": "Geodatabase"}}, {"pk": 12, "model": "data_connections.format", "fields": {"url": "http://www.mongodb.org/", "name": "mongoDB"}}, {"pk": 13, "model": "data_connections.format", "fields": {"url": "http://www.sqlite.org/", "name": "SQLite"}}, {"pk": 14, "model": "data_connections.format", "fields": {"url": "http://www.mysql.com/", "name": "mySQL"}}, {"pk": 15, "model": "data_connections.format", "fields": {"url": "http://www.postgresql.org/", "name": "PostgreSQL"}}, {"pk": 16, "model": "data_connections.format", "fields": {"url": "http://root.cern.ch/drupal/", "name": "ROOT"}}, {"pk": 17, "model": "data_connections.format", "fields": {"url": "http://en.wikipedia.org/wiki/FITS", "name": "Fits"}}, {"pk": 18, "model": "data_connections.format", "fields": {"url": "http://www.mapbox.com/", "name": "Mapbox Map"}}, {"pk": 19, "model": "data_connections.format", "fields": {"url": "http://en.wikipedia.org/wiki/Web_application", "name": "Application"}}, {"pk": 35, "model": "data_connections.dataset", "fields": {"name": "Test dataset", "license": 7, "date_last_edited": "2013-07-27T01:31:13Z", "url": "http://example.com/", "documentation_url": "", "data_format": 1, "download_url": "", "date_published": "2013-07-27T01:31:11Z", "manager": null, "managing_organization": null, "data_catalog": null, "is_public": true, "added_by": null, "description": ""}}, {"pk": 36, "model": "data_connections.dataset", "fields": {"name": "Electric Consumption by ZIP Code - 2010", "license": 2, "date_last_edited": "2013-06-21T00:00:00Z", "url": "https://data.cityofnewyork.us/Environment/Electric-Consumption-by-ZIP-Code-2010/74cu-ncm4", "documentation_url": "", "data_format": 7, "download_url": "", "date_published": "2011-09-28T00:00:00Z", "manager": null, "managing_organization": 1, "data_catalog": null, "is_public": true, "added_by": null, "description": "2010 electricity consumption in kWh and GJ, by ZIP code, building type, and utility company."}}, {"pk": 37, "model": "data_connections.dataset", "fields": {"name": "Energy Usage From DCAS Buildings", "license": 2, "date_last_edited": "2013-06-26T00:00:00Z", "url": "https://data.cityofnewyork.us/Environment/Energy-Usage-From-DCAS-Buildings/pwva-zn2w", "documentation_url": "", "data_format": 7, "download_url": "", "date_published": "2012-09-06T00:00:00Z", "manager": 1, "managing_organization": 2, "data_catalog": null, "is_public": true, "added_by": null, "description": "Energy data from a select portfolio of City-owned buildings (DCAS)"}}, {"pk": 38, "model": "data_connections.dataset", "fields": {"name": "Energy Usage From DOE Buildings", "license": 2, "date_last_edited": "2013-06-26T00:00:00Z", "url": "https://data.cityofnewyork.us/Environment/Energy-Usage-From-DOE-Buildings/mq6n-s45c", "documentation_url": "", "data_format": 7, "download_url": "", "date_published": "2012-09-06T00:00:00Z", "manager": 1, "managing_organization": 3, "data_catalog": null, "is_public": true, "added_by": null, "description": "Energy data from a select portfolio of City-owned buildings (Department of Education)"}}, {"pk": 39, "model": "data_connections.dataset", "fields": {"name": "Energy Efficiency Projects", "license": 2, "date_last_edited": "2013-06-21T00:00:00Z", "url": "https://data.cityofnewyork.us/Environment/Energy-Efficiency-Projects/h3qk-ybvt", "documentation_url": "", "data_format": 7, "download_url": "", "date_published": "2012-02-14T00:00:00Z", "manager": 1, "managing_organization": 2, "data_catalog": null, "is_public": true, "added_by": null, "description": "The City\u2019s Long-Term Sustainability Plan, PlaNYC, calls for City government to reduce greenhouse gas emissions produced by municipal operations 30% by 2017. A large part of this effort is retrofitting municipal buildings to become more energy efficient. This dataset lists energy efficiency projects at City buildings that are complete or in progress. Projects are listed by address, building name, and agency, and the dataset includes the estimated reduction in tons of GHG emissions associated with the project."}}, {"pk": 40, "model": "data_connections.dataset", "fields": {"name": "2010 & 2011 NYC Municipal Building Energy Benchmarking Results", "license": 2, "date_last_edited": "2013-06-21T00:00:00Z", "url": "https://nycopendata.socrata.com/City-Government/2010-2011-NYC-Municipal-Building-Energy-Benchmarki/vvj6-d5qx", "documentation_url": "", "data_format": 7, "download_url": "", "date_published": "2012-02-14T00:00:00Z", "manager": 1, "managing_organization": 2, "data_catalog": null, "is_public": true, "added_by": null, "description": "This is an Excel file with a list of New York City municipal buildings over 10,000 square feet by borough, block, lot, and agency, identifying each building\u2019s energy intensity (kBtu/sq. ft.), Portfolio Manager benchmarking rating, where available, and the total GHG emissions for the calendar years 2010 & 2011."}}, {"pk": 41, "model": "data_connections.dataset", "fields": {"name": "Steam Consumption by ZIP Code - 2010", "license": 2, "date_last_edited": "2011-09-28T00:00:00Z", "url": "https://data.cityofnewyork.us/Environment/Steam-Consumption-by-ZIP-Code-2010/2pmt-skyq", "documentation_url": "", "data_format": 7, "download_url": "", "date_published": "2011-09-28T00:00:00Z", "manager": 2, "managing_organization": 1, "data_catalog": null, "is_public": true, "added_by": null, "description": "2010 steam consumption in mlbs and Mg, by ZIP code and building type."}}, {"pk": 42, "model": "data_connections.dataset", "fields": {"name": "Oil Boilers - Detailed Fuel Consumption and Building Data", "license": 2, "date_last_edited": "2013-06-21T00:00:00Z", "url": "https://data.cityofnewyork.us/Housing-Development/Oil-Boilers-Detailed-Fuel-Consumption-and-Building/jfzu-yy6n", "documentation_url": "", "data_format": 1, "download_url": "", "date_published": "2011-09-29T00:00:00Z", "manager": 3, "managing_organization": 1, "data_catalog": null, "is_public": true, "added_by": null, "description": "Detailed data on NYC buildings with oil boilers, including fuel consumption, BBL, building owner/management info, deadline for complying with Audit and Retrocommissioning Law, building type and year constructed, number of floors and residential units, Condo/Coop status, and more."}}, {"pk": 43, "model": "data_connections.dataset", "fields": {"name": "Natural Gas Consumption by ZIP Code - 2010", "license": 2, "date_last_edited": "2011-09-28T00:00:00Z", "url": "https://data.cityofnewyork.us/Environment/Natural-Gas-Consumption-by-ZIP-Code-2010/uedp-fegm", "documentation_url": "", "data_format": 7, "download_url": "", "date_published": "2011-09-28T00:00:00Z", "manager": 2, "managing_organization": 1, "data_catalog": null, "is_public": true, "added_by": null, "description": "2010 Natural Gas consumption in therms and GJ, by ZIP code, building type, and utility company."}}, {"pk": 44, "model": "data_connections.dataset", "fields": {"name": "NYC Cool Roofs Buildings", "license": 2, "date_last_edited": "2013-06-21T00:00:00Z", "url": "https://data.cityofnewyork.us/Environment/NYC-Cool-Roofs-Buildings/uuxn-wzxe", "documentation_url": "", "data_format": 7, "download_url": "", "date_published": "2012-06-26T00:00:00Z", "manager": 1, "managing_organization": 4, "data_catalog": null, "is_public": true, "added_by": null, "description": "Locations of buildings participating in the Cool Roofs initiative. NYC Cool Roofs buildings have a reflective surface applied to their rooftop, helping to reduce cooling costs, cut energy usage and lower greenhouse gas emissions."}}, {"pk": 45, "model": "data_connections.dataset", "fields": {"name": "Oil Usage (Select City Owned Buildings)", "license": 2, "date_last_edited": "2013-06-21T00:00:00Z", "url": "https://data.cityofnewyork.us/Environment/Oil-Usage-Select-City-Owned-Buildings-/whux-iuiu", "documentation_url": "", "data_format": 7, "download_url": "", "date_published": "2012-06-26T00:00:00Z", "manager": 1, "managing_organization": 2, "data_catalog": null, "is_public": true, "added_by": null, "description": "Oil usage statistics for a select portfolio of City-owned buildings"}}, {"pk": 46, "model": "data_connections.dataset", "fields": {"name": "Sustainability Indicators (2012)", "license": 2, "date_last_edited": "2013-06-21T00:00:00Z", "url": "https://data.cityofnewyork.us/Environment/Sustainability-Indicators-2012-/6r4h-c2y6", "documentation_url": "", "data_format": 7, "download_url": "", "date_published": "2012-06-29T00:00:00Z", "manager": 3, "managing_organization": 1, "data_catalog": null, "is_public": true, "added_by": null, "description": "The sustainability indicators are used by the Mayor's Office of Long-Term Planning and Sustainability to track the progress of the PlaNYC program."}}, {"pk": 47, "model": "data_connections.dataset", "fields": {"name": "NYC Energy Map", "license": 15, "date_last_edited": "2013-06-21T00:00:00Z", "url": "http://a.tiles.mapbox.com/v3/modilabs.map-6v5hnfw2/mm.html#13/40.7400/-73.9180", "documentation_url": "", "data_format": 19, "download_url": "", "date_published": "2012-06-29T00:00:00Z", "manager": 4, "managing_organization": 5, "data_catalog": null, "is_public": true, "added_by": null, "description": "Interactive map of electricity use at the tax lot level in NYC"}}, {"pk": 48, "model": "data_connections.dataset", "fields": {"name": "Energy Zip - processed data", "license": 15, "date_last_edited": "2013-06-29T00:00:00Z", "url": "https://github.com/jonroberts/zipcodegrid/tree/master/data", "documentation_url": "", "data_format": 8, "download_url": "", "date_published": "2013-05-29T00:00:00Z", "manager": 6, "managing_organization": null, "data_catalog": null, "is_public": true, "added_by": null, "description": "Collated electricity data for NYC, normalised and combined with median income and demographics"}}, {"pk": 49, "model": "data_connections.dataset", "fields": {"name": "Energy Zip - JSONed data for app", "license": 15, "date_last_edited": "2013-05-29T00:00:00Z", "url": "https://github.com/jonroberts/zipcodegrid/blob/master/static/data/ZipCodeElecPop.js", "documentation_url": "", "data_format": 1, "download_url": "", "date_published": "2013-05-29T00:00:00Z", "manager": 6, "managing_organization": null, "data_catalog": null, "is_public": true, "added_by": null, "description": "Collated electricity data for NYC, normalised and combined with median income and demographics, keyed to the GeoJSON of NYC's zipcodes."}}, {"pk": 50, "model": "data_connections.dataset", "fields": {"name": "NYC Zipcode Tabulation Areas", "license": 3, "date_last_edited": "2013-04-10T00:00:00Z", "url": "http://nycdata.pediacities.com/dataset/nyc-zip-code-tabulation-areas/resource/2afec1b8-a23e-4d9f-b0b5-d212b1dad11c", "documentation_url": "", "data_format": 2, "download_url": "", "date_published": "2013-04-10T00:00:00Z", "manager": 7, "managing_organization": 6, "data_catalog": null, "is_public": true, "added_by": null, "description": "GeoJSON of the New York City zipcode areas."}}, {"pk": 51, "model": "data_connections.dataset", "fields": {"name": "NYC Zipcode Tabulation Areas", "license": 3, "date_last_edited": "2013-04-09T00:00:00Z", "url": "http://nycdata.pediacities.com/dataset/nyc-zip-code-tabulation-areas/resource/d9cb29e8-6858-4ea0-a4b0-181716a3a005", "documentation_url": "", "data_format": 10, "download_url": "", "date_published": "2013-04-09T00:00:00Z", "manager": 7, "managing_organization": 7, "data_catalog": null, "is_public": true, "added_by": null, "description": "Shapefile of NYC zip code tabulation areas as provided by the Department of City Planning (DCP)."}}, {"pk": 52, "model": "data_connections.dataset", "fields": {"name": "Median Value of Owner Occupied Housing Units, NYC", "license": 3, "date_last_edited": "2010-12-30T00:00:00Z", "url": "http://factfinder2.census.gov/bkmk/table/1.0/en/ACS/11_5YR/B25077/0400000US36.86000P", "documentation_url": "", "data_format": 7, "download_url": "", "date_published": "2010-12-30T00:00:00Z", "manager": null, "managing_organization": 8, "data_catalog": 1, "is_public": true, "added_by": null, "description": "MEDIAN VALUE (DOLLARS), Universe: Owner-occupied housing units, 2007-2011 American Community Survey 5-Year Estimates, limited to NYC zipcodes"}}, {"pk": 53, "model": "data_connections.dataset", "fields": {"name": "Households and Families: 2010 Census Summary File 1, NYC", "license": 3, "date_last_edited": "2010-12-30T00:00:00Z", "url": "http://factfinder2.census.gov/bkmk/table/1.0/en/DEC/10_SF1/QTP11/0400000US36.86000P", "documentation_url": "", "data_format": 7, "download_url": "", "date_published": "2010-12-30T00:00:00Z", "manager": null, "managing_organization": 8, "data_catalog": 1, "is_public": true, "added_by": null, "description": "Census data on Households in each NYC zipcode from 2010"}}, {"pk": 54, "model": "data_connections.dataset", "fields": {"name": "Median Income In The Past 12 Months, NYC", "license": 3, "date_last_edited": "2011-12-30T00:00:00Z", "url": "http://factfinder2.census.gov/bkmk/table/1.0/en/ACS/11_5YR/S1903/0400000US36.86000P", "documentation_url": "", "data_format": 7, "download_url": "", "date_published": "2011-12-30T00:00:00Z", "manager": null, "managing_organization": 8, "data_catalog": 1, "is_public": true, "added_by": null, "description": "MEDIAN INCOME IN THE PAST 12 MONTHS (IN 2011 INFLATION-ADJUSTED DOLLARS) 2007-2011 American Community Survey 5-Year Estimates, limited to NYC zipcodes"}}, {"pk": 69, "model": "data_connections.dataset", "fields": {"name": "MapPluto", "license": 3, "date_last_edited": "2013-05-30T00:00:00Z", "url": "http://www.nyc.gov/html/dcp/html/bytes/dwn_pluto_mappluto.shtml#mappluto", "documentation_url": "", "data_format": 10, "download_url": "", "date_published": "2013-05-30T00:00:00Z", "manager": null, "managing_organization": 7, "data_catalog": null, "is_public": true, "added_by": null, "description": "MapPLUTO merges PLUTO tax lot data with tax lot features from the Department of Finance\u2019s Digital Tax Map (DTM), clipped to the shoreline. It contains extensive land use and geographic data at the tax lot level in ESRI ArcGIS shape format and dbase table format. "}}, {"pk": 70, "model": "data_connections.dataset", "fields": {"name": "Pluto", "license": 3, "date_last_edited": "2013-05-30T00:00:00Z", "url": "http://www.nyc.gov/html/dcp/html/bytes/dwn_pluto_mappluto.shtml", "documentation_url": "", "data_format": 7, "download_url": "", "date_published": "2013-05-30T00:00:00Z", "manager": null, "managing_organization": 7, "data_catalog": null, "is_public": true, "added_by": null, "description": "Extensive land use and geographic data at the tax lot level in comma\u2013separated values (CSV) file format. The PLUTO files contain more than seventy fields derived from data maintained by city agencies."}}, {"pk": 71, "model": "data_connections.dataset", "fields": {"name": "Brooklyn MapPluto", "license": 15, "date_last_edited": "2013-08-18T00:00:00Z", "url": "https://exversion.com/data/view/1MUAU074Q11PSXR/mappluto-brooklyn", "documentation_url": "", "data_format": 2, "download_url": "", "date_published": "2013-08-18T00:00:00Z", "manager": 10, "managing_organization": 9, "data_catalog": null, "is_public": true, "added_by": null, "description": "GeoJSON API of the Brooklyn MapPluto Data"}}, {"pk": 72, "model": "data_connections.dataset", "fields": {"name": "Bronx MapPluto", "license": 15, "date_last_edited": "2013-08-18T00:00:00Z", "url": "https://exversion.com/data/view/RNHWN3BQG2C2SXR/mappluto-bronx", "documentation_url": "", "data_format": 2, "download_url": "", "date_published": "2013-08-18T00:00:00Z", "manager": 10, "managing_organization": 9, "data_catalog": null, "is_public": true, "added_by": null, "description": "GeoJSON API of the Bronx MapPluto Data"}}, {"pk": 73, "model": "data_connections.dataset", "fields": {"name": "Queens MapPluto", "license": 15, "date_last_edited": "2013-08-18T00:00:00Z", "url": "https://exversion.com/data/view/E4MBCZGML9XFDNB/mappluto-queens", "documentation_url": "", "data_format": 2, "download_url": "", "date_published": "2013-08-18T00:00:00Z", "manager": 10, "managing_organization": 9, "data_catalog": null, "is_public": true, "added_by": null, "description": "GeoJSON API of the Queens MapPluto Data"}}, {"pk": 74, "model": "data_connections.dataset", "fields": {"name": "Manhattan MapPluto", "license": 15, "date_last_edited": "2013-08-18T00:00:00Z", "url": "https://exversion.com/data/view/0V9WG9L60RWOA0O/mappluto-manhattan", "documentation_url": "", "data_format": 2, "download_url": "", "date_published": "2013-08-18T00:00:00Z", "manager": 10, "managing_organization": 9, "data_catalog": null, "is_public": true, "added_by": null, "description": "GeoJSON API of the Manhattan MapPluto Data"}}, {"pk": 75, "model": "data_connections.dataset", "fields": {"name": "Staten Island MapPluto", "license": 15, "date_last_edited": "2013-08-18T00:00:00Z", "url": "https://exversion.com/data/view/MMN4B9YRI4SRUUI/mappluto-staten-island", "documentation_url": "", "data_format": 2, "download_url": "", "date_published": "2013-08-18T00:00:00Z", "manager": 10, "managing_organization": 9, "data_catalog": null, "is_public": true, "added_by": null, "description": "GeoJSON API of the Staten Island MapPluto Data"}}, {"pk": 76, "model": "data_connections.dataset", "fields": {"name": "Brooklyn Pluto", "license": 15, "date_last_edited": "2013-08-18T00:00:00Z", "url": "https://exversion.com/data/view/MXSVARBTDFX9R6I/pluto-brooklyn", "documentation_url": "", "data_format": 1, "download_url": "", "date_published": "2013-08-18T00:00:00Z", "manager": 10, "managing_organization": 9, "data_catalog": null, "is_public": true, "added_by": null, "description": "JSON API of the Brooklyn Pluto Data"}}, {"pk": 77, "model": "data_connections.dataset", "fields": {"name": "Queens Pluto", "license": 15, "date_last_edited": "2013-08-18T00:00:00Z", "url": "https://exversion.com/data/view/XUICSRTKM8NW2S2/pluto-queens", "documentation_url": "", "data_format": 1, "download_url": "", "date_published": "2013-08-18T00:00:00Z", "manager": 10, "managing_organization": 9, "data_catalog": null, "is_public": true, "added_by": null, "description": "JSON API of the Queens Pluto Data"}}, {"pk": 78, "model": "data_connections.dataset", "fields": {"name": "Bronx Pluto", "license": 15, "date_last_edited": "2013-08-18T00:00:00Z", "url": "https://exversion.com/data/view/26KLFUQWI3HU2QH/pluto-bronx", "documentation_url": "", "data_format": 1, "download_url": "", "date_published": "2013-08-18T00:00:00Z", "manager": 10, "managing_organization": 9, "data_catalog": null, "is_public": true, "added_by": null, "description": "JSON API of the Bronx Pluto Data"}}, {"pk": 79, "model": "data_connections.dataset", "fields": {"name": "Manhattan Pluto", "license": 15, "date_last_edited": "2013-08-18T00:00:00Z", "url": "https://exversion.com/data/view/ZV0CGR4E2MQ8LBX/pluto-manhattan", "documentation_url": "", "data_format": 1, "download_url": "", "date_published": "2013-08-18T00:00:00Z", "manager": 10, "managing_organization": 9, "data_catalog": null, "is_public": true, "added_by": null, "description": "JSON API of the Manhattan Pluto Data"}}, {"pk": 80, "model": "data_connections.dataset", "fields": {"name": "Staten Island Pluto", "license": 15, "date_last_edited": "2013-08-18T00:00:00Z", "url": "https://exversion.com/data/view/B6R1B8G3VSW7IIR/pluto-staten-island", "documentation_url": "", "data_format": 1, "download_url": "", "date_published": "2013-08-18T00:00:00Z", "manager": 10, "managing_organization": 9, "data_catalog": null, "is_public": true, "added_by": null, "description": "JSON API of the Staten Island Pluto Data"}}, {"pk": 81, "model": "data_connections.dataset", "fields": {"name": "Pluto Data Tour", "license": 5, "date_last_edited": "2013-08-21T05:00:00Z", "url": "http://andrewxhill.github.io/cartodb-examples/scroll-story/pluto/#0", "documentation_url": "", "data_format": 19, "download_url": "", "date_published": "2013-08-21T05:00:00Z", "manager": 11, "managing_organization": null, "data_catalog": null, "is_public": true, "added_by": null, "description": "A visual tour of Pluto Data"}}, {"pk": 82, "model": "data_connections.dataset", "fields": {"name": "Oasis Map", "license": 5, "date_last_edited": "2012-10-12T05:00:00Z", "url": "http://oasisnyc.net/map.aspx", "documentation_url": "", "data_format": 19, "download_url": "", "date_published": "2012-10-12T05:00:00Z", "manager": 12, "managing_organization": 10, "data_catalog": null, "is_public": true, "added_by": null, "description": "A map of New York created by the Graduate Center at the Center for Urban Research at CUNY."}}, {"pk": 83, "model": "data_connections.dataset", "fields": {"name": "Lidar Data, NYC", "license": 17, "date_last_edited": "2010-04-01T05:00:00Z", "url": "http://www.carsilab.org/INDEX/CURRENTAFFAIRS/lidar/Ahearn_ASPRS_2011_f.pdf", "documentation_url": "", "data_format": 7, "download_url": "", "date_published": "2010-04-01T05:00:00Z", "manager": null, "managing_organization": null, "data_catalog": null, "is_public": true, "added_by": null, "description": "A lidar map of the 5 boroughs."}}, {"pk": 84, "model": "data_connections.dataset", "fields": {"name": "NYC Solar Map, CUNY", "license": 5, "date_last_edited": "2012-01-01T06:00:00Z", "url": "http://nycsolarmap.com/", "documentation_url": "", "data_format": 19, "download_url": "", "date_published": "2012-01-01T06:00:00Z", "manager": null, "managing_organization": null, "data_catalog": null, "is_public": true, "added_by": null, "description": "A solar map of NYC created by CUNY"}}, {"pk": 85, "model": "data_connections.dataset", "fields": {"name": "Liquor Info ", "license": 5, "date_last_edited": "2013-08-21T05:00:00Z", "url": "http://fkh.github.io/liquorinfo/", "documentation_url": "", "data_format": 19, "download_url": "", "date_published": "2013-08-21T05:00:00Z", "manager": 13, "managing_organization": null, "data_catalog": null, "is_public": true, "added_by": null, "description": "Provides a printable summary of how near places of worship are to potential licensed addresses."}}, {"pk": 86, "model": "data_connections.dataset", "fields": {"name": "NYCPedia", "license": 5, "date_last_edited": "2013-08-21T05:00:00Z", "url": "http://nyc.pediacities.com/", "documentation_url": "", "data_format": 19, "download_url": "", "date_published": "2013-08-21T05:00:00Z", "manager": 7, "managing_organization": 6, "data_catalog": null, "is_public": true, "added_by": null, "description": "Investigation tool for NYC data"}}, {"pk": 87, "model": "data_connections.dataset", "fields": {"name": "Private Test", "license": 17, "date_last_edited": "2012-10-10T05:00:00Z", "url": "http://www.thisisatest.com/", "documentation_url": "", "data_format": 1, "download_url": "", "date_published": "2012-10-10T05:00:00Z", "manager": 6, "managing_organization": null, "data_catalog": null, "is_public": false, "added_by": 2, "description": "Test of a private dataset"}}, {"pk": 88, "model": "data_connections.dataset", "fields": {"name": "Collated 311 data for NYCenters Map", "license": 5, "date_last_edited": "2013-11-01T05:00:00Z", "url": "http://www.jrsandbox.com/nycenter/data/complaint_counts.json", "documentation_url": "", "data_format": 1, "download_url": "http://www.jrsandbox.com/nycenter/data/complaint_counts.json", "date_published": "2013-11-01T05:00:00Z", "manager": 6, "managing_organization": null, "data_catalog": null, "is_public": false, "added_by": 2, "description": "The count of different types of 311 complaint by zipcode for NYC using the 311 service requests since 2010 dataset, where the 311 requests ran to September 22nd, 2013"}}, {"pk": 89, "model": "data_connections.dataset", "fields": {"name": "311 Service Requests from 2010 to Present", "license": 1, "date_last_edited": "2013-11-09T06:00:00Z", "url": "https://data.cityofnewyork.us/Social-Services/311-Service-Requests-from-2010-to-Present/erm2-nwe9", "documentation_url": "https://data.cityofnewyork.us/Social-Services/311-Service-Requests-from-2010-to-Present/erm2-nwe9/about", "data_format": 7, "download_url": "https://data.cityofnewyork.us/api/views/erm2-nwe9/rows.csv?accessType=DOWNLOAD", "date_published": "2011-10-10T05:00:00Z", "manager": 15, "managing_organization": null, "data_catalog": null, "is_public": true, "added_by": 2, "description": "All 311 Service Requests from 2010 to present. This information is automatically updated daily."}}, {"pk": 90, "model": "data_connections.dataset", "fields": {"name": "NYCenters: Map of 311 Complaints", "license": 1, "date_last_edited": "2013-10-10T05:00:00Z", "url": "http://www.jrsandbox.com/nycenter/", "documentation_url": "", "data_format": 19, "download_url": "", "date_published": "2013-10-10T05:00:00Z", "manager": 6, "managing_organization": null, "data_catalog": null, "is_public": false, "added_by": 2, "description": "A map of the 311 call distributions in NY divided up by zipcode and by complaint type."}}, {"pk": 91, "model": "data_connections.dataset", "fields": {"name": "test dataset", "license": 1, "date_last_edited": "2012-10-10T05:00:00Z", "url": "http://thisisatest.com/", "documentation_url": "", "data_format": 1, "download_url": "", "date_published": "2012-10-10T05:00:00Z", "manager": null, "managing_organization": null, "data_catalog": null, "is_public": true, "added_by": 2, "description": ""}}, {"pk": 92, "model": "data_connections.dataset", "fields": {"name": "US TigerLine Zipcode Shapefiles 2010", "license": 5, "date_last_edited": "2012-03-26T05:00:00Z", "url": "ftp://ftp2.census.gov/geo/tiger/TIGER2010/ZCTA5/2010/", "documentation_url": "http://www.census.gov/geo/maps-data/data/tiger-line.html", "data_format": 10, "download_url": "ftp://ftp2.census.gov/geo/tiger/TIGER2010/ZCTA5/2010/", "date_published": "2010-11-30T06:00:00Z", "manager": null, "managing_organization": 8, "data_catalog": null, "is_public": true, "added_by": 7, "description": "The core TIGER/Line Files and Shapefiles do not include demographic data, but they do contain geographic entity codes (GEOIDs) that can be linked to the Census Bureau\u2019s demographic data, available on American FactFinder.\r\n\r\nAll legal boundaries and names are as of January 1, 2010. Released beginning November 30, 2010. Last update March 26, 2012.\r\n\r\nSee the user notes on the documentation page for a lot of 'features' in these datasets."}}, {"pk": 93, "model": "data_connections.dataset", "fields": {"name": "US Zipcode GeoJSON 2010", "license": 15, "date_last_edited": "2012-12-01T06:00:00Z", "url": "https://github.com/jgoodall/us-maps/blob/master/geojson/zcta5.json", "documentation_url": "https://github.com/jgoodall/us-maps", "data_format": 2, "download_url": "https://github.com/jgoodall/us-maps/archive/master.zip", "date_published": "2012-12-01T06:00:00Z", "manager": 16, "managing_organization": null, "data_catalog": null, "is_public": true, "added_by": 7, "description": "GeoJSONs of US census shapefiles, created by jgoodall and uploaded to github."}}, {"pk": 1, "model": "data_connections.datarelation", "fields": {"processing_url": null, "source": 36, "how_data_was_processed": "Combined the zipcode data with tax lot information to create an interactive map of NYC energy use.", "derivative": 47}}, {"pk": 2, "model": "data_connections.datarelation", "fields": {"processing_url": null, "source": 48, "how_data_was_processed": "Used the script <a href='https://github.com/jonroberts/zipcodegrid/blob/master/TSV2JSON.py'>TSV2JSON.py</a> to connect the TSV data to a JSON keyed to the city's zipcodes.", "derivative": 49}}, {"pk": 3, "model": "data_connections.datarelation", "fields": {"processing_url": null, "source": 36, "how_data_was_processed": "Merged the 2010 electricity consumption with median income and other zipcode level data. Calculated means and rank in the city's zipcodes. Worked to figure out why some zipcodes have non-zero population, but zero electricity use.", "derivative": 48}}, {"pk": 4, "model": "data_connections.datarelation", "fields": {"processing_url": null, "source": 50, "how_data_was_processed": "", "derivative": 49}}, {"pk": 5, "model": "data_connections.datarelation", "fields": {"processing_url": null, "source": 51, "how_data_was_processed": "Converted from Shapefile to GeoJSON by Pediacities.", "derivative": 50}}, {"pk": 6, "model": "data_connections.datarelation", "fields": {"processing_url": null, "source": 52, "how_data_was_processed": "Downloaded, stripped back and collated into a TSV file with other relevant NYC Census data and the Electric Consumption data from NYC", "derivative": 48}}, {"pk": 7, "model": "data_connections.datarelation", "fields": {"processing_url": null, "source": 53, "how_data_was_processed": "Downloaded, stripped back and collated into a TSV file with other relevant NYC Census data and the Electric Consumption data from NYC", "derivative": 48}}, {"pk": 8, "model": "data_connections.datarelation", "fields": {"processing_url": null, "source": 54, "how_data_was_processed": "Downloaded, stripped back and collated into a TSV file with other relevant NYC Census data and the Electric Consumption data from NYC", "derivative": 48}}, {"pk": 10, "model": "data_connections.datarelation", "fields": {"processing_url": "", "source": 69, "how_data_was_processed": "Processed by Exversion", "derivative": 71}}, {"pk": 11, "model": "data_connections.datarelation", "fields": {"processing_url": "", "source": 69, "how_data_was_processed": "Processed by Exversion", "derivative": 72}}, {"pk": 12, "model": "data_connections.datarelation", "fields": {"processing_url": "", "source": 69, "how_data_was_processed": "Processed by Exversion", "derivative": 73}}, {"pk": 13, "model": "data_connections.datarelation", "fields": {"processing_url": "", "source": 69, "how_data_was_processed": "Processed by Exversion", "derivative": 74}}, {"pk": 14, "model": "data_connections.datarelation", "fields": {"processing_url": "", "source": 69, "how_data_was_processed": "Processed by Exversion", "derivative": 75}}, {"pk": 15, "model": "data_connections.datarelation", "fields": {"processing_url": "", "source": 70, "how_data_was_processed": "Processed by Exversion", "derivative": 76}}, {"pk": 16, "model": "data_connections.datarelation", "fields": {"processing_url": "", "source": 70, "how_data_was_processed": "Processed by Exversion", "derivative": 77}}, {"pk": 17, "model": "data_connections.datarelation", "fields": {"processing_url": "", "source": 70, "how_data_was_processed": "Processed by Exversion", "derivative": 78}}, {"pk": 18, "model": "data_connections.datarelation", "fields": {"processing_url": "", "source": 70, "how_data_was_processed": "Processed by Exversion", "derivative": 79}}, {"pk": 19, "model": "data_connections.datarelation", "fields": {"processing_url": "", "source": 70, "how_data_was_processed": "Processed by Exversion", "derivative": 80}}, {"pk": 20, "model": "data_connections.datarelation", "fields": {"processing_url": null, "source": 70, "how_data_was_processed": "Studied and visualized in CartoDB", "derivative": 81}}, {"pk": 21, "model": "data_connections.datarelation", "fields": {"processing_url": null, "source": 69, "how_data_was_processed": "CartoDB visualization of Pluto data", "derivative": 81}}, {"pk": 22, "model": "data_connections.datarelation", "fields": {"processing_url": null, "source": 70, "how_data_was_processed": "Mapped using ESRI tools", "derivative": 82}}, {"pk": 23, "model": "data_connections.datarelation", "fields": {"processing_url": null, "source": 69, "how_data_was_processed": "Used ESRI tools to map NYC", "derivative": 82}}, {"pk": 25, "model": "data_connections.datarelation", "fields": {"processing_url": null, "source": 69, "how_data_was_processed": "A plot of the city in solar potential", "derivative": 84}}, {"pk": 26, "model": "data_connections.datarelation", "fields": {"processing_url": null, "source": 83, "how_data_was_processed": "", "derivative": 84}}, {"pk": 27, "model": "data_connections.datarelation", "fields": {"processing_url": null, "source": 70, "how_data_was_processed": "", "derivative": 84}}, {"pk": 28, "model": "data_connections.datarelation", "fields": {"processing_url": null, "source": 69, "how_data_was_processed": "", "derivative": 47}}, {"pk": 29, "model": "data_connections.datarelation", "fields": {"processing_url": null, "source": 70, "how_data_was_processed": "Pulls in land use data.", "derivative": 85}}, {"pk": 30, "model": "data_connections.datarelation", "fields": {"processing_url": null, "source": 70, "how_data_was_processed": "Mapping NYC Pluto data on a building by building level.", "derivative": 86}}, {"pk": 31, "model": "data_connections.datarelation", "fields": {"processing_url": null, "source": 53, "how_data_was_processed": "", "derivative": 86}}, {"pk": 32, "model": "data_connections.datarelation", "fields": {"processing_url": null, "source": 69, "how_data_was_processed": "It wasn't really. This is a test.", "derivative": 87}}, {"pk": 33, "model": "data_connections.datarelation", "fields": {"processing_url": null, "source": 89, "how_data_was_processed": "Parsed the full set of 311 data up to the 22nd of September 2013, and counted the complaints by zipcode. Combined this with the population density as a function of zipcode from the Energy Zip project to get the density of complaints as a function of density.", "derivative": 88}}, {"pk": 35, "model": "data_connections.datarelation", "fields": {"processing_url": null, "source": 53, "how_data_was_processed": "Used the population figures from the census data to calculate the density of the 311 complaints as a function of zipcode.", "derivative": 88}}, {"pk": 36, "model": "data_connections.datarelation", "fields": {"processing_url": null, "source": 88, "how_data_was_processed": "Parses the data in the 311 datafile and displays it in an interactive map.", "derivative": 90}}, {"pk": 38, "model": "data_connections.datarelation", "fields": {"processing_url": null, "source": 50, "how_data_was_processed": "Uses the zipcode shapes to show the density of 311 calls across New York City.", "derivative": 90}}, {"pk": 39, "model": "data_connections.datarelation", "fields": {"processing_url": null, "source": 92, "how_data_was_processed": "Processed using GDAL. See the full readme on the github for details:\r\nhttps://github.com/jgoodall/us-maps/blob/master/README.md", "derivative": 93}}, {"pk": 1, "model": "data_connections.scientist", "fields": {"collaborators": [], "firstname": "Albert", "lastname": "Webber", "linkedin_url": "", "github_url": "", "user": null, "profile_url": "https://data.cityofnewyork.us/profile/Albert-Webber/txun-eb7e"}}, {"pk": 2, "model": "data_connections.scientist", "fields": {"collaborators": [], "firstname": "Jorge", "lastname": "J", "linkedin_url": "", "github_url": "", "user": null, "profile_url": "https://data.cityofnewyork.us/profile/Jorge-J-/rnig-m3uj"}}, {"pk": 3, "model": "data_connections.scientist", "fields": {"collaborators": [12, 13], "firstname": "NYC", "lastname": "Open-Data", "linkedin_url": "", "github_url": "", "user": null, "profile_url": "https://data.cityofnewyork.us/profile/NYC-OpenData/5fuc-pqz2"}}, {"pk": 4, "model": "data_connections.scientist", "fields": {"collaborators": [], "firstname": "Vijay", "lastname": "Modi", "linkedin_url": "", "github_url": "", "user": null, "profile_url": "http://www.earth.columbia.edu/articles/view/2770"}}, {"pk": 5, "model": "data_connections.scientist", "fields": {"collaborators": [], "firstname": "Bianca", "lastname": "Howard", "linkedin_url": "", "github_url": "", "user": null, "profile_url": ""}}, {"pk": 6, "model": "data_connections.scientist", "fields": {"collaborators": [], "firstname": "Jonathan", "lastname": "Roberts", "linkedin_url": "", "github_url": "", "user": null, "profile_url": "https://github.com/jonroberts"}}, {"pk": 7, "model": "data_connections.scientist", "fields": {"collaborators": [], "firstname": "Nathan", "lastname": "Storey", "linkedin_url": "", "github_url": "", "user": null, "profile_url": "http://nathanstorey.com/"}}, {"pk": 10, "model": "data_connections.scientist", "fields": {"collaborators": [], "firstname": "Bellmar", "lastname": "", "linkedin_url": "", "github_url": "", "user": null, "profile_url": "https://exversion.com/user/1"}}, {"pk": 11, "model": "data_connections.scientist", "fields": {"collaborators": [11], "firstname": "Andrew", "lastname": "Hill", "linkedin_url": "http://www.linkedin.com/profile/view?id=192810399", "github_url": "https://github.com/andrewxhill", "user": null, "profile_url": ""}}, {"pk": 12, "model": "data_connections.scientist", "fields": {"collaborators": [3], "firstname": "Steve", "lastname": "Romalewski", "linkedin_url": "", "github_url": "", "user": null, "profile_url": "http://www.urbanresearch.org/about/people/steven-romalewski"}}, {"pk": 13, "model": "data_connections.scientist", "fields": {"collaborators": [3], "firstname": "Frank", "lastname": "Hebbert", "linkedin_url": "", "github_url": "", "user": null, "profile_url": "https://github.com/fkh"}}, {"pk": 14, "model": "data_connections.scientist", "fields": {"collaborators": [], "firstname": "Simon", "lastname": "SC", "linkedin_url": "", "github_url": "", "user": null, "profile_url": ""}}, {"pk": 15, "model": "data_connections.scientist", "fields": {"collaborators": [], "firstname": "NYC", "lastname": "Open Data", "linkedin_url": "", "github_url": "", "user": null, "profile_url": "https://data.cityofnewyork.us/profile/NYC-OpenData/5fuc-pqz2"}}, {"pk": 16, "model": "data_connections.scientist", "fields": {"collaborators": [], "firstname": "John", "lastname": "Goodall", "linkedin_url": "", "github_url": "", "user": null, "profile_url": "https://github.com/jgoodall"}}, {"pk": 1, "model": "data_connections.organization", "fields": {"url": "http://www.nyc.gov/html/planyc2030/html/about/who-we-are.shtml", "name": "Mayor's Office of Long-Term Planning and Sustainability, NYC"}}, {"pk": 2, "model": "data_connections.organization", "fields": {"url": "http://www.nyc.gov/html/dcas/html/home/home.shtml", "name": "Department of Citywide Administrative Services (DCAS), NYC"}}, {"pk": 3, "model": "data_connections.organization", "fields": {"url": "http://schools.nyc.gov/default.htm", "name": "Department of Education (DOE), NYC"}}, {"pk": 4, "model": "data_connections.organization", "fields": {"url": "http://www.nyc.gov/html/dob/html/home/home.shtml", "name": "Department of Buildings, NYC"}}, {"pk": 5, "model": "data_connections.organization", "fields": {"url": "http://modi.mech.columbia.edu/", "name": "Modi Research Group, Columbia University"}}, {"pk": 6, "model": "data_connections.organization", "fields": {"url": "http://nycdata.pediacities.com/", "name": "Pediacities"}}, {"pk": 7, "model": "data_connections.organization", "fields": {"url": "http://www.nyc.gov/html/dcp/", "name": "Department of City Planning (DCP), NYC"}}, {"pk": 8, "model": "data_connections.organization", "fields": {"url": "http://www.census.gov/", "name": "U.S. Census Bureau"}}, {"pk": 9, "model": "data_connections.organization", "fields": {"url": "https://exversion.com/", "name": "Exversion"}}, {"pk": 10, "model": "data_connections.organization", "fields": {"url": "http://www.urbanresearch.org/", "name": "Center for Urban Research, CUNY"}}, {"pk": 11, "model": "data_connections.organization", "fields": {"url": "http://cartodb.com/", "name": "CartoDB"}}, {"pk": 12, "model": "data_connections.organization", "fields": {"url": "http://openplans.org/", "name": "Open Plans"}}, {"pk": 13, "model": "data_connections.organization", "fields": {"url": "http://www.meetup.com/betanyc/", "name": "Beta NYC"}}, {"pk": 1, "model": "data_connections.membershiprelation", "fields": {"member": 7, "organization": 6}}, {"pk": 2, "model": "data_connections.membershiprelation", "fields": {"member": 7, "organization": 13}}]